Black,,,,,,,,,,,,,,,,,,,,,,,,,,,,,,
,,,,,,,,,,,,,,,,,,,,,,,,,,,,,,
,"They Say I Was Born 
a King's Daughter","Empress of Another 
World",Beauty and the Raven,"The Maid and the 
Vampire",Lady Evony,"A Royal Princess with 
Black Hair",Surviving as a Maid,Dragon Savior,The Men of the Harem,The Meaning of You,"Crows Like Things 
That Sparkle","Falling Flower, Flowing 
Water","The Male Lead's Little 
Lion Daughter","Her Majesty, The Witch",Wild Eyes,Lia's Bad Ending,"Dawn Lighting Up The 
Clouds","When the Black Moon 
Rises",Terrarium Adventure,"Say the Spell, Rose!",The Max Level Heroine,I'll Save the Heroine!,Fire Burns Through Me,Fly Me to the Moon,"How a Goddess Wins
Over Tigers","Azure Night, Waltz Of 
Rapture",Dream of a Sweet Rain,"The Baengri Clan's 
Unwanted 
Granddaughter","Shindam of the Four 
Seasons, My Winter 
General",I Wanted to be Good
Black,,,,,,,,,,,,,,,,,,,,,,,,,,,,,,
,,,,,,,,,,,,,,,,,,,,,,,,,,,,,,
,"Post-Possession
Damage Control","After the Frozen Heart
Melts",Definition of a Villain,"I Swear We're Just 
Friends",No Exit,Begrudgingly Yours,"The Queen's Secret 
Lessons",Tempest Night,Dominant Castle,The Maid Runs Away,"My Brother's Boyfriend 
Fell for Me",Yowoondang,"The Dungeon Smells 
Like a Chicken","Dungeon Food Truck 
Owner",The Lone Guide,Peach Blossom Scent ,"S-Class Self-Employed 
Person",From Rain and Ash,"S-Class Spirit Master's 
Taming Diary","The Demon Lord Hates 
Reverse Harem",Damage Orange,"The Counterattack of 
the Heroine's Friend",Wolf of the Full Moon,The Duke's Maid,A Slave of Rubelfast,Another Heaven,"Lv. 99 Princess of 
Black Flame","One Day My Sister 
Died",,
Black,,,,,,,,,,,,,,,,,,,,,,,,,,,,,,
,,,,,,,,,,,,,,,,,,,,,,,,,,,,,,
,A Tyrant's First Love,My Husband's Reversal,North X Northwest,Angel or Villainess,"The Thorn That 
Pierces Me","From a Knight to a 
Lady","Precious Daughter of 
the Greatest Martial 
Arts Villain",Four Pillars of Destiny,Oh! My Hubby,"Let's Hide My Little 
Brother","How To Clear a Dating 
Sim as a Side
Character",The Red Sleeve,A Match Made In Mana,Haesi's Shinru,My Fair Maid,108 Girls,The Tainted Half,Shadow Moon,"The Status Window to 
the Soul",Ode to Snow White,Seduce a Fox,Lady Crystal Is A Man,Love At First Bite,"Reforming My
Regretful Husband",Goodbye My Juliet,Altruistic Warrior,"Becoming the
Obsessive Male 
Lead's Ex-Wife","The Deposed Empress' 
Scandal",Too Late for Regrets,"Escape From the 
Daytime Drama"
Black,,,,,,,,,,,,,,,,,,,,,,,,,,,,,,
,,,,,,,,,,,,,,,,,,,,,,,,,,,,,,
,"I'm the Tutor of the 
Twin Highnesses","The Villainess Just 
Wants to Live in Peace!",Please Save Me,I Will Divorce the Duke,"I Was the Real Head of 
the House",My Bari,Your God Sent Me You,"The Killer Whale's 
Comfort Penguin",May Wedding,We Hate the Male Lead,"Alissa and the Magic 
Diary",Men's Bath,"I've Fallen for the 
Empire's Greatest 
Villainess",I Want to Be Your First,"Youngest Sister-in-Law 
in a Tragic Reverse 
Harem","Don’t Mind Me, Daddy","The Savior Who 
Strangles Me","The Monster Dame 
Requests Maternity 
Leave","Became the Leader of 
a Girl Group Destined 
to Fail",,,,,,,,,,,
Black,,,,,,,,,,,,,,,,,,,,,,,,,,,,,,
,,,,,,,,,,,,,,,,,,,,,,,,,,,,,,
,My Red String of Fate,Bride of Elysion,Elixir of the Sun,"Master Villainess the 
Invincible!",The Legendary Fossil,My Little Fox,"Love and Blade: Girl in 
Peril",Daddy Dilemma,"He's Not Just a Pretty 
Face","My Crazy Dramatic 
Fairy Tale","A Martial Master Wakes 
Up As A Concubine",The Lady Alchemist,Gobbling the Goblin,"The Pure Heart of a 
Monster","Camellia Flower With 
Black Mane in Hand","No Marriage, Angel!","Teach Me How to 
Desire","The Night When 
Flowers Fall","A Breath in the End of 
Verdure","I Became the Young 
Wife of the Martial Arts 
Novel's Male Lead","My Husband and I 
Cannot Live in the 
Same World",New Moon,,,,,,,,
Black,,,,,,,,,,,,,,,,,,,,,,,,,,,,,,
,,,,,,,,,,,,,,,,,,,,,,,,,,,,,,
,Oh My Pharaoh!,Yuri's Palace,Beau and the Beast,How Dare You,No Outtakes,Long After the Ending,"The Beast Emperor 
and I",Ashtarte,Master of the Dragon,"Stuck with the 
Protagonist","The Runaway Lead 
Lives Next Door","The Two-Faced Prince 
in Training","I Abdicate My Title of
Empress","Inappropriate Activity 
Has Been Detected",Flowerstruck,Libera Me,The Tale of Oshin,"The Duke's Villainous 
Daughter Is Depressed","Marriage of 
Convenience to an 
Obsession",Queen's Harem,I Raised a Villain,What Death Taught Me,Show Window Scandal,,,,,,,
Black,,,,,,,,,,,,,,,,,,,,,,,,,,,,,,
,,,,,,,,,,,,,,,,,,,,,,,,,,,,,,
,Black Winter,Girl Jock Empress,"Valia, Tribute to 
Shuden","Saya, the Fallen Deity ",Serena,"I'm Sorry, but It's 
Because I'm an 
Ordinary Person",The Age of Arrogance,"Night Trip With the 
King","Thiendavis: The Road 
to Salvation","Do Not Hold on to
the Broken Branch",Conquer My Heart,"I Got Divorced and 
Abandoned My Family","I Became the Savior 
of the Planet","William of the 
Wardrobe","The Tyrant Who Loved 
Lies",The Ties of Dotgabi,Return Your Soul,Your Heart for the Sage,Twin Moon,"If You're Obsessed, 
You're Doomed","Dark History Is Going 
Backwards","Dear Anonymous 
Sponsor","I Caught a Male Lead 
in a Deserted Island",BJ Villainess,,,,,,
Black,,,,,,,,,,,,,,,,,,,,,,,,,,,,,,
,,,,,,,,,,,,,,,,,,,,,,,,,,,,,,
,Crimson Karma,"The Adventures of a 
Demon King's 
Daughter","The Lady I Served 
Became a Master","A Wicked Tale of 
Cinderella's Stepmom","The Demon Queen 
Has A Death Wish",Kill the Villainess,"In the Name of the 
Savior",From Maid to Queen,"The Broken Ring: This 
Marriage Will Fail 
Anyway","Please Kill My 
Husband!",Rosalyn Vogart,"I'm The Queen In 
This Life","The Night Without 
Shadows","The Rules of Rose Ivy 
Manor","I Seduced the Deceitful 
Duke","The Marquess's 
Favorite",Bastian,I Don't Trust My Twin,The Psycho Duke and I,"So I Married the
Abandoned Prince","To My Rude Darling 
with Multiple 
Personalities","I Hold The 
Tyrant's Heart","Gyeongseong Lingerie 
Costume Shop","This Time, the Tears 
Were Mine",In the Doghouse,Stranger in Paradise,"All for My Dearest 
Juliet",The Fairy's Wish,"The Beast Won't Let 
Me Sleep","Miss Who Swallowed a 
Mage"
Black,,,,,,,,,,,,,,,,,,,,,,,,,,,,,,
,,,,,,,,,,,,,,,,,,,,,,,,,,,,,,
,Satan's Bride,Lady to Queen,Valentine Kiss,I Am the Real One,"Demon Queen Just 
Wants to Make Peace","Rewriting My 
Husband's Tragic 
Ending","Villainesses Have 
More Fun","The Adorable Princess 
of Doom","The Handmade Tales 
of the Handmaid","The Villainess's Road 
to Revenge","I Failed To Oust The 
Villain",The Crow's Prince,Lies Become You,"Charming the Duke of 
the North","The Villainess's 
Princely Predicament","Catching Up To Luke 
Vischel","Crowning A Spoiled 
Prince",Mokrin,"I Need Someone to 
Stop My Older 
Brothers","The Villainess's
Dazzling Debut","To A Happy Ending 
For The Tragic Novel","Carnephelia's Curse is 
Never Ending","The Little Witch and 
Her Dad","We Got Ourselves 
Stuck Inside An Adult 
Fantasy Novel","Rewriting My Tragic
Ending","To My Husband's 
Mistress","How to Turn a Thorny 
Path into a Flowery 
Path","The Obsessed Villain's 
Goal Is Survival ","The Villain's Daughter 
Plans to Run Away","A Ranker's Guide to 
the Good Life"
Black,,,,,,,,,,,,,,,,,,,,,,,,,,,,,,
,,,,,,,,,,,,,,,,,,,,,,,,,,,,,,
,"My Husband Is Weak 
by Day, Strong by Night","The Overflowing Elixir 
of the Fallen House","I Became the Black 
Swan Mother of the 
White Swan Princess","The Wizard and The 
Tree",Imperial Marriage,Brood Parasitism,"I'll Take That Marriage 
This Time",The Story of Aeri,"Siren: The Beginning 
of the Curse","I Tamed the Angsty 
Male Lead with My 
Fists","I Became the Villain's 
Lost Daughter","Honey, I Believe That's 
Your Misunderstanding","The Archduke's Bride 
Is a Hell Warrior",,,,,,,,,,,,,,,,,
Black,,,,,,,,,,,,,,,,,,,,,,,,,,,,,,
,,,,,,,,,,,,,,,,,,,,,,,,,,,,,,
,"Monster Duke's 
Daughter",My Dear Friend,"The Grand Duchess 
of the North Was 
Secretly a Villainess","For My Derelict 
Favorite","The Demon Queen Is 
in Love!","The Fantastic Spinsters' 
Association of Joseon","The Sacred One 
Speaks","While I'm Back In Time, 
I'll Get My Revenge","House Garnet’s 
Archvillain","The Deviless's 
Impression of a 
Princess",The Last Straw,"I Just Needed 
Someone to Hate","Carnelian: the Sille 
Dragon Odyssey","This Is the Wrong 
House, Mr. Villain","How a Villainess 
Survives as a Saint ","You Have to Repay 
Your Savior","Being Loved for the 
First Time","Lift My Curse, Sir 
Knight","The Wolf of Cheonun 
Peak",Loved by the Dead,"The Revenge of the 
Abandoned Daughter 
of a Prestigious Magic 
Family","The Returned C-Rank 
Tank Won't Die!","There's No Way I'd Be 
Satisfied With a Rabbit 
Husband!","If the Flame Swallows
Me",,,,,,
Black,,,,,,,,,,,,,,,,,,,,,,,,,,,,,,
,,,,,,,,Mixed,,,,,,,,,,,,,,,,,,,,,,
,"Here Comes The 
Silver Spoon!","I've Been Proposed 
To by a Villain","Loelline Seizes the 
Future","Cassmire: The Loyal 
Sword","Named Player Elais: 
The Emperor's Lady",A Foxy Affair,"The S-Class Dungeon 
Owner","The King Falls Asleep 
in the Shadow Forest",Concubine Walkthrough ,"I Am the Last Villainess 
He Has to Kill",,,,,,,,,,,,,,,,,,,,
Blonde,,,,,,,,,,,,,,,,,,,,,,,,,,,,,,
,,,,,,,,,,,,,,,,,,,,,,,,,,,,,,
,Light and Shadow,Miss Not-So Sidekick,Cat's Bride,"My Master, the Wolf 
Queen",The Emperor's Partner,Princess in the Rough,"Revolutionary 
Princess Eve",Romance in Seorabeol,"My BFF is a Tyrant in 
Training",One Pair Lady,Elizabeth of Velpera,Taming the Marquess,The Queen of Avalon,"I Tamed My 
Ex-Husband's Mad Dog","What's Happening in 
Lindel?",Melin's Salvation Plan,How to Diet as a Lady,Beloved In-Laws,"Parting Ways With 
Destiny","A Handbook for 
Villainesses","I Found Myself a 
Crazy Stepdad!",Cinderella Disappeared,"My Numbered Days of 
Happiness","How the Fallen Saint 
Lives With the Devil - 
Please Give Me One 
Precious Shot",My Fairest Lady,"Our Majesty Has 
Changed","Locked Up By My Mad
Dog","Invitation of the 
Fallen Saintess","Her Tiny Highness, the 
Mastermind","The Duke's Only 
Daughter"
Blonde,,,,,,,,,,,,,,,,,,,,,,,,,,,,,,
,,,,,,,,,,,,,,,,,,,,,,,,,,,,,,
,"The Saint Is Stuck in 
the Wall!","The Secretary of My 
Ex-Favorite Character",,,,,,,,,,,,,,,,,,,,,,,,,,,,
Blonde,,,,,,,,,,,,,,,,,,,,,,,,,,,,,,
,,,,,,,,,,,,,,,,,,,,,,,,,,,,,,
,The Emperor's Woman,Doctor Elise,"Who Made Me A 
Princess",Between Us,"The Golden-Haired 
Summoner",Lost Princess,"I'm the Soldier's 
Ex-Girlfriend",Undercover Empress,Lady Devil,"The Rebirth of a 
Tyrannical Empress",Queen in the Shadows,"Like Wind on a Dry 
Branch","Countess and the 
Blade",Am I Your Daughter?,"Boutique at 97 
Sheldon Street","Happily Ever 
Afterwards","The Flower Dances and 
the Wind Sings ",Princess to the Rescue!,"The Villainess is a 
Marionette","What It Means To 
Be You","My Three Tyrant 
Brothers","A Heart For The 
Emperor",Secret Lady,The Dawn in Moscow,Crazy Like A Fox,I'm All Out of Health!,Finding My Place,"The Tyrant's Comfort 
Doll ","Justice for the 
Villainess ",The Predator's Fiancèe
Blonde,,,,,,,,,,,,,,,,,,,,,,,,,,,,,,
,,,,,,,,,,,,,,,,,,,,,,,,,,,,,,
,"I'm Deleting Them 
From My Life","How To Win My 
Husband Over","Philiarose - The 
Prophecy of the Crown 
of Thorns",The Tears of a Jester,Your Eternal Lies,"Raising a Dragon 
Prince",My Ray of Hope,Marriage and Sword,The Tyrant's Soft Side,"How a Mage 
Welcomes Death","Writing my Male Lead's 
Happily Ever After","The Last Train of the 
Season","Lady Isabella's Path 
to Happiness","How To Prey On Your 
Master","Ophelia the Oracle 
Queen",The Hero's Savior,June Peach,"Melody: The Crazy 
Flower Blooms","Don't Fall For The
Villainess",The Cure for Passion,"The Sleepless Night 
of the Maid","The Empire's Cutest 
Little Hostage","The Beloved Fake 
Saint",Divine Inconvenience,"The Tyrant Wants to 
Be Good","Hawar in the Winter 
Garden","The Saint Reborn as 
the Villain","The Empress of the 
Ashes",My Dear Tyrant,Silly Little Abella
Blonde,,,,,,,,,,,,,,,,,,,,,,,,,,,,,,
,,,,,,,,,,,,,,,,,,,,,,,,,,,,,,
,"Supporting Characters 
Also Need Some Love","Our Ball Begins at 
Moonrise","I Accidentally Saved 
the Male Lead's Brother",Love Doesn't Matter,Beast's Flower,"Healing the Duke of 
Darkness","The Villain in the Horror 
Game Dreams of the 
Heroine Every Night","I'm Living With My 
Mother-In-Law!",Lady Edita,"Who Knew Dragons 
Could Be This Cute?",For a Fairytale Ending,The Monster Princess ,"The Villainess Doesn't 
Need a New Husband!","Shall We Bathe, Your 
Grace?","The Twin Sister Goes 
on Strike",Taming the Corrupted ,"The Guardian Dragon 
and the Princess 
of Lies",Everyone's Princess,"Treat Your Friends 
With Respect","I Became a Sitter for 
the Obsessive Villains",The Beast Within,"The Reason for the
Twin Lady’s Disguise","How to Satisfy the 
Devil","The Fake Saintess 
Awaits Her Exit","The Contracted Grand
Duchess",The Lady of the Devil,"Angelica: My Wife Has
Changed","The Moment When 
You and I Meet","I Think I've Been 
Possessed Somewhere","The Tyrant's Etiquette 
Tutor"
Blonde,,,,,,,,,,,,,,,,,,,,,,,,,,,,,,
,,,,,,,,,,,,,,,,,,,,,,,,,,,,,,
,"The Perks of Being a 
Villain",Puppet Archmage,"The Villainess Who 
Stole the Paladin's First","I Will Become the 
Villain's Poison Taster","I Thought I Tamed the 
Villain","They Live in the 
Princess' Flower 
Garden","The Redemption of 
Earl Nottingham",I Will Kill the Male Lead,"The Male Lead Is 
Trying to Change the 
Female Lead",Demonas,"A Fairy Tale Written by 
a Villain","In an Attempt to Get 
Revenge, I Seduced 
My Husband",Purely Yours,My Beloved Oppressor,"Trapped With the Male 
Lead in a Horror Game","Protect Me from 
Despair","Mistaken as the 
Monster Duke's Wife","I'm the Emperor's 
Long-Lost Daughter",Silver Tree,"How to Extend a 
Marriage Contract","Rewrite My Happy 
Ending","The Grand Duke of the 
North","My Stepdaughter is a 
Bunny",Tempting My Salvation,"The Fake Saintess 
Bears Tainted Robes","Behind Her Highness’s 
Smile","Where the Frozen 
Moon Sits","Even Though the 
Duchess Wants To","This Duck Wants to Fly
Solo","To Abandon or be 
Abandoned"
Blonde,,,,,,,,,,,,,,,,,,,,,,,,,,,,,,
,,,,,,,,,,,,,,,,,,,,,,,,,,,,,,
,"Ex-Husband Demands 
Reunion","I Became a Childhood 
Friend of the Obsessive 
Sub Male Lead","Duchess Mecklen's 
Graceful Rebellion","Gather Round, Beast 
of the Forest","The Empress’s Two 
Wolves",Escape Me If You Can,"Obsessed With 
Shuelina","Leave Your Divorce to 
a Professional Lawyer","Getting Married 
Without My Badge","For the Princess Who 
Will Disappear",Just Kill Me Now,"The Villainess Tames 
the Crazed Devil","The Immoral Duke 
Needs to Be 
Homeschooled",Fruition of Immorality,"No Obsession for 
Yureia","Hunks, Harems, and 
Hardcore Habits","Azelda: The Spirit 
Master's Contract 
Marriage",Enough with the Flirting,"Surviving as the Crown 
Prince's Childhood 
Friend",Be By My Side,Property of the King,Amongst the Tainted,"The Hound of the 
Baskervilles",Lycan,The Innocent Priest,Taming a Munchkin,Most Wanted Wife,"I Became the Mother 
of the Sub-Male Lead's 
Son",Milky Junior,"I'm a Villainess, but I 
Won't Live Like One"
Blonde,,,,,,,,,,,,,,,,,,,,,,,,,,,,,,
,,,,,,,,,,,,,,,,,,,,,,,,,,,,,,
,"The Top 100 Young 
Lady",Adinmir's Thorn Flower,"Put Your Sword Away 
in the Bedroom","When Pride Fell at My 
Toes","That's Not What My 
Will Said","My Sister, Who Was 
My Enemy, Now Loves 
Me","If You Desire to Keep 
Me","Don't Pay Attention to 
the Villainess","Dear Holy Knight, 
Read My Love Stories",,,,,,,,,,,,,,,,,,,,,
Blonde,,,,,,,,,,,,,,,,,,,,,,,,,,,,,,
,,,,,,,,,,,,,,,,,,,,,,,,,,,,,,
,Wendy the Florist,"The Librarian of St. 
Bright Tower",Bring the Love,"The Remarried 
Empress",I Stan The Prince,"The Villainess Turns 
the Hourglass","The Villainess Lives 
Again","A Villainess for the 
Tyrant","The Crown Princess 
Audition","They Only 
Remembered Her ",The Viridescent Tiara,Knight Flight,"The Destroyer Fell in 
Love with Me",Saving My Sweetheart,His Majesty's Proposal,"The Little Princess and 
Her Monster Prince",Villainess's Idol,"The Matchmaking 
Baby Princess",Finding Camellia,"The Forgotten Princess 
Just Wants Peace",Wished You Were Dead,"Follow the Bread 
Crumbs","Lessons in Seduction 
with a Classy Duke",The Hidden Saintess,Take Me Back Home,"Belle and The Beast's 
Labor Contract",Elegy of Rose Castle,The Extra’s Touch,Falling for The Enemy,"How To Hide the 
Emperor's Child"
Blonde,,,,,,,,,,,,,,,,,,,,,,,,,,,,,,
,,,,,,,,,,,,,,,,,,,,,,,,,,,,,,
,"Resigning as the 
Villainess",Please Marry Me Again!,"The Perfect Plan for a 
Fairy-Tale Ending","The Villainess's 
Stationery Shop",Let's Get Married First,It's Not Your Baby!,"Renia, the Crazy 
Princess",Miss Overprotected,"My Warmonger 
Husband","The Duchess's Secret 
Writing Life","Elissa’s Whirlwind 
Marriage","The Duke's Darling 
Daughter-in-Law","The Mistress Runs 
Away",One Regret Is Enough,"He's Just My Brother, 
Your Grace!","The Divorcée's Dessert 
Cafe",Acidity of Regret,"The Contract Couple: 
Ines & Kaisac","Reporting For Duty, 
Duchess!",Lady Swindler,"The Cutest Little
Villainess","The Sea Captain’s 
Bride","The Devil and His 
Sacrifice",Potion Witch,"I Don't Want the 
Obsession of a Twisted 
Archduke",Julietta's Dress-Up,"What the Evil 
Dragon Lives for","Ojakgyo's Maid's 
Journal","Secrets of the Mystic 
Moonlit Library","Carefully Choosing 
a Husband"
Blonde,,,,,,,,,,,,,,,,,,,,,,,,,,,,,,
,,,,,,,,,,,,,,,,,,,,,,,,,,,,,,
,"Werewolves Going 
Crazy Over Me",Requiem for the Queen,"A Tipsy Marriage 
Proposal for the 
Emperor","My Sweet Enemy, Thy 
Name is Husband",For a Certain Princess,"My Angelic Husband 
is Actually a Devil in 
Disguise","The Monster Male Lead 
Living Under My Bed","My Beloved Baby
Sister","May God Bless Your
Demise",Millionaire Lady,"Answer Me, Please","Cry, Or Better Yet, Beg","I Have Never 
Abandoned the Tyrant","Married to a Duke 
Called Beast","Trumping My Tragic 
Destiny",Are We Still In Love?,"I Created a Harem by 
Accident","Becoming the Lady of 
the Cursed Ducal 
House","The Grand Duke is 
Mine","Here Reigns the 
Vengeful Villainess","The Hand That Once 
Fed","Married His Brother 
and Now He's 
Obsessed","How to Raise a 
Nine-Tailed Fox","A Mouse Biting a 
Dragon's Tail","A Fairy-Tale Ending for 
a Fake","The Extra Guardian 
Missed the Right Time 
to Leave","Reincarnated as My 
Husband’s Mistress","How to Tame the 
Merciless Villain","A Deal With My Fake 
Husband",The Promise Isn't Mine
Blonde,,,,,,,,,,,,,,,,,,,,,,,,,,,,,,
,,,,,,,,,,,,,,,,,,,,,,,,,,,,,,
,"I'm Not Letting My 
Duke Die!","I Became An 
Obsessive Servant Of 
The Crown Prince","Survive as the Adopted 
Daughter of a Genius 
Duke","The Secret of the 
Lovely Duchess","How to Turn a Kind 
Savior Into an Emperor",See You in the Future,"To Whom It No Longer 
Concerns","The Maid’s Secret Tea 
Recipe for the Prince","The Saint Dreams of 
Secret Love","The Male Lead 
Proposed to Me","Don't Trust the 
Goddess","There Is No Need For 
the Tyrant Second 
Male Lead's Obsession","My Students' Guardians 
Are Obsessed With Me",Little Red Baby Bird,"She's Not Our 
Daughter!",Duchess in Ruins,"The Secret of the 
Strange Dmayne 
Mansion",A Savage Proposal,"The Scent That Binds 
Us","24-hour Rebirth 
Consultation Center","I Will Get the Duke I 
Abandoned Back",Rebecca's Prayer,"The Prince Doesn't 
Cry From Mere Onions",Indulgence,"A Spring Breeze in a 
Wasteland","How the Grand 
Duchess Returns to 
Her Tower","The Wild Dog Marquis 
XX the Princess","The Cradle of the 
Enemy","Anyone Beats the 
Original","I Became a Human's 
Daughter"
Blonde,,,,,,,,,,,,,,,,,,,,,,,,,,,,,,
,,,,,,,,,,,,,,,,,,,,,,,,,,,,,,
,"I Became the Daughter 
of the Ghost Duke",The Killing Empress,"She Wasn't My 
Daughter",Kill This Marriage,Moralless Scandal,"Tamed the Monster 
Prince",,,,,,,,,,,,,,,,,,,,,,,,
Blonde,,,,,,,,,,,,,,,,,,,,,,,,,,,,,,
,,,,,,,,,,,,,,,,,,,,,,,,,,,,,,
,"Her Ladyship Objects 
to this Marriage!","I Have a Dragon's 
Heart",Royal Redemption,"Reborn As the 
Character That Never 
Existed","My Villainous Family
Won't Let Me Be","I'll Protect You, Daddy!","One Too Many 
Supporting Male Leads",Princess Player,"The Acting Empress 
Still Spends the First 
Night",Scripting Seduction,"The Villainess 
Makeover","My Older Sister Is the 
Main Character","The Chick Hunter Is 
Being Filial!","The Baby Fairy Is a 
Villain","I Hate This Kind of 
Reverse Harem",,,,,,,,,,,,,,,
Blonde,,,,,,,,,,,,,,,,,,,,,,,,,,,,,,
,,,,,,,,,,,,,,,,,,,,,,,,,,,,,,
,God Bless You,The Moon Child,Elskar,The Tyrant's Sister,"Ingrid, The White Deer","The Male Lead's Girl 
Friend","When the Villainess 
is In Love",Birth of a Villainess ,"I Don't Love You 
Anymore",Garden of Silence,"Lily the Vicious 
Villainess","The Villainess Flips 
the Script","The Duke's Daughter 
Wants to be Useless","Don't Give the Book 
Your Heart","Everything's Coming 
Up Roses",David's Portrait,The Empress' Lipstick ,"I'm a Princess but Also 
a Villainess",Royal Marriage,Adeline's Darkest Night,"I Tamed the Male Lead 
Who Tried to Kill Me","The Chubby Female 
Lead Is Popular",Let Me Die in Peace,Too Cute To Handle,"Hilde Takes the House
Apreggio","How the Demon God 
Proposes",Lady of the Bank,"Life With My Loving 
In-Laws","The Gangster Daughter 
of the Henchman 
Duke’s Family","The Baby Saint Wants
To Destroy The World"
Blonde,,,,,,,,,,,,,,,,,,,,,,,,,,,,,,
,,,,,,,,,,,,,,,,,,,,,,,,,,,,,,
,"Please Look at 
Jasmine!","I'm a Doll, but the 
Tyrant Is Obsessed 
With Me","I’m a Villainess with a 
Handsome Husband",Insanely Radiant,"No More Midnight 
Magic!","Hoodwinked into Her 
First Kiss","When the Mad 
Emperor Holds Me","Bad Deeds of the 
Terminally Ill Empress","Struck by an 
Obscene Curse","Raising My Fiancé 
With Money","A Simple Guide To 
Surviving as a 
Stepmom","The S-Class Baby 
Princess Is Too 
Powerful","The Obsessive Stud 
Scammed Me into 
Marriage","One Husband is
Enough","I Grabbed the Leash 
of the Blind Beast","Villainess Reborn: 24 
Hours",Aesthetics of Pleasure,"How to Choose Your 
Knight","The Taming of the 
Hellcat",My Affectionate Beast,Goddess Kingmaker,"The Stone Thrown in 
the Lake","Seeking Your 
Forgiveness","My Wish Is Two 
Separate Beds","Three Men and the 
Torn Princess","Sorry, I'm a Fool","The Villainess Is 
Bothered by the Male 
Leads Again Today",,,
Blonde,,,,,,,,,,,,,,,,,,,,,,,,,,,,,,
,,,,,,,,,,,,,,,,,,,,,,,,,,,,,,
,"What it Takes to be 
a Villainess","I Belong to House 
Castielo","Love Quest for a 
Servant Girl",The Twin's New Life,"My Sister Picked Up 
the Male Lead",Princess Villainess,Roxana,"The King and the 
Paladin","The Return of Elena 
the Knight","There's No Use 
Hanging On","Two Sides of the 
Princess",A Most Virtuous Villain,Revoke This Wish,Cierra,"The Male Lead Won't 
Let Me Be!",The Vanished Duchess,The Crownless Queen,Self-Made Lady,"The Abandoned 
Princess Rebels","Revenge on the Real 
One","A Happy Ending for 
Villains","The White Lion's 
Secret Bride","I Will Fall With The 
Emperor",For Your Well-Being,Ingram's Lantern,"Just the Male Lead’s 
Friend","The Adopted Daughter 
Saves the World","Baby Pharmacist 
Princess","The Handsome Male 
Lead Won't Let Me Log 
Out","Ten Ways to Get 
Dumped by a Tyrant"
Blonde,,,,,,,,,,,,,,,,,,,,,,,,,,,,,,
,,,,,,,,,,,,,,,,,,,,,,,,,,,,,,
,"I'll Just Look for a 
New Family","Once Upon a Time in a 
Zombie Empire","The Price is Your 
Everything",Ungracefully Grace,"Who's the Baby's 
Father?","I've Become the 
Devil's Master","I'll Predict Your Happy 
Ending","John Loves Tite","Before the Real 
Heroine Steps In",The Seraphic Villainess,"The Foreign Object 
Was Me",There Is No Mercy,"In the Empress's 
Bedroom Lives a 
Snake","Things I Didn't Know At 
First",The Plain of Auvers,,,,,,,,,,,,,,,
Blonde,,,,,,,,,,,,,,,,,,,,,,,,,,,,,,
,,,,,,,,,,,,,,,,,,,,,,,Mixed,,,,,,,
,I Refuse the Duke,The Secret Queen,Trophy Husband,The Emperor's Puppy,"Living as an Emperor's 
Fiancée","The Concubine 
Contract","The Beloved Little 
Princess ",The Boomerang Duke,Let's Live Together,"Falling Into The Deep 
End","Survival of a Tyrant's 
Secretary",Savior's Recipe,"The Casnier 
Memorandum","How to Save a 
Time-Limited Young 
Master","Isn't This Inside the 
Game?","At the Place Where the 
Golden Rose Broke",My Gently Raised Beast,"Please Obsess Over 
Me ","I'm Finding a New 
Husband","The Dolled Up 
Villainess","If You Pick Up a 
Suspicious Husband","The End of a Fake 
Marriage","How Did I Become the 
Princess? ",,,,,,,
Red,,,,,,,,,,,,,,,,,,,,,,,,,,,,,,
,,,,,,,,,,,,,,,,,,,,,,,,,,,,,,
,Adonis,The Duke's Servant,The Flower of Prencia,"I Became the Villain's 
Mother",Aidin,The Red Empress,"The Duchess Who 
Sees Ghost","The Crown Princess 
Scandal","Pick Me, My Queen!","The Duke's Teddy 
Bear",Mistress’ Court,"Everybody Loves the 
Villainess","A Red Laurel To My 
Emperor","The Matchmaker Gets 
Matched!",Viola Tames the Duke,"Heroine's Shares For 
Sales",You're My Flame,"I Will Live the Life of a 
Villainess","The Saintess Returns 
to the Emperor ",Cinderella's Brother,"
My Condition Is 
Divorce",Adopted by My Enemy,"What's With the Three 
Kingdoms-Obsessed 
Male Lead?","Can't I Be a Sex 
Worker, Not a Clergy?","If We Don't Get Married, 
the World Will End","The Young Lady's 
Secretary",,,,
Red,,,,,,,,,,,,,,,,,,,,,,,,,,,,,,
,,,,,,,,,,,,,,,,,,,,,,,,,,,,,,
,This Witch of Mine,Adelaide,"The Library Needs a 
Witch","The Evil Cinderella 
Needs a Villain",Caught by the Villain,"I Fell Into a Reverse 
Harem Game",Asirhart Kingdom Aide,"Let's Get a Divorce, 
Husband","Heir to the Dragon 
Slayer Sword","Straight to the Red 
Carpet ",Try Crying Prettier,"The Reason She is 
Avoiding Her 
Childhood Friend","I Became the Villain’s 
Trainer",The Fateful Invitation,"You Musn't, Your 
Majesty!",As Leticia Wishes,"Calm Down, Lady 
Ophelia!","Escape the Original 
Male Lead!","Catherine's Key to a
Happy Life","The Archduke's 
Fabulous Fake 
Marriage","The Villain's End is
Not a Choice","My First Kiss With the 
Evil Butler","How to Make My Tyrant 
Husband Love Me","Interspecies Protection 
Agency",,,,,,
Red,,,,,,,,,,,,,,,,,,,,,,,,,,,,,,
,,,,,,,,,,,,,,,,,,,,,,,,,,,,,,
,"The Spark In Your 
Eyes",Infatuation Unwanted,"Leveling Up my 
Husband to the Max",Becoming You,"The Elegant Sea of 
Savagery","How to Break Up in a 
Romance Simulation","The Princess in the 
Attic","The Secret Bedroom 
of the Abandoned 
Princess",The Tyrant's Translator,"What Is Your Love 
Forecast","The Flower of 
Veneration","The Glamorous Life 
of the Fake Mistress","The Night of Betrayal","I Adopted the Male Lead
From the Shelter","The Villainess 
Captured the Grand 
Duke","I Became the First 
Love of My Stepson","I Possessed a 
Villainess, but I Wanna 
Raise Cats!",Celeb Lady,"Ending This Marriage 
for Your Happiness",Divorcing the Emperor,"The Witch in the 
Emperor's Quarters","I Saved the Villain With 
Money After the Ending","No Benefits for the
Reincarnated",Maid's Night,Not the Time for Love,,,,,
Red,,,,,,,,,,,,,,,,,,,,,,,,,,,,,,
,,,,,,,,,,,,,,,,,,,,,,,,,,,,,,
,The Detective of Muiella,This Girl is a Little Wild,My Fair Footman,"The Knight and Her 
Emperor",Bloody Marriage,"Priscilla's Marriage 
Proposal",Lamia Orphe is Dead,"My Secretly Hot 
Husband",The Double Agent,It Was All a Mistake,"The Villainess's Days 
are Numbered","Answer Me, My Prince",The Villainess Maker,"Behold the True 
Villainess","The Villainess is 
Retiring","The Protection of 
Lariensa Gelinus",Lady Scarlet,Duchess Crow,"A Villainess' Revenge is 
Sweeter than Honey","The Duchess' Contract 
Marriage",AII HaiI Lady BIanche!,"Divorcing My Tyrant 
Husband",Corpses Never Lie,"The Empress Who 
Become The Head 
of the Underworld",The Lady's Remorse,"I'll Become the Heroine 
in this Life",A Dream Escape,"Babysitting the Male 
Lead ","Pretty Girl Next to 
Pretty Girl","If You So Desire My 
Despair"
Red,,,,,,,,,,,,,,,,,,,,,,,,,,,,,,
,,,,,,,,,,,,,,,,,,,,,,,,,,,,,,
,"The Elite Princess’s 
Handbook to Becoming 
Valedictorian","I'll Choose My 
Husband",Till Divorce Do Us Part!,Red Hot Revenge,"Lady Adelyn the 
Homebody","Another World Dump 
Truck",Running Away at Night,"Avanture: Why Is It a 
Reverse Harem?",The Fairy Legacy,"My Lord was Already
Into Me When I Noticed","I Don't Want to Bed 
You!","You're Unforgiven, 
Your Majesty",My Little Villainess,I Changed the Villain,"Let's Roll the Tyrant's 
Alimony","Finally, the Dawn 
Came","The Knight Becomes a 
Black Flower",I Tried to Live Nicely ,"We've Already Broken 
Up, Your Majesty","The Harem-Loving 
Stepmother","No Retaliation from 
the Supporting Cast",Don't Save the Duke,"The Young Lady's Bad 
Position",The Hidden Muse,Elegant Aubrey,"How to Send Your 
Husband to Hell","The Real Reason We 
Get Married","Revenge Guide for the 
Time-Limited Maid",,
Red,,,,,,,,,,,,,,,,,,,,,,,,,,,,,,
,,,,,,,,,,,,,,,,,,,,,,,,,,,,,,
,"Can the Grand Duke 
and Marquis Be 
Friends?",A Villainess No More,"The Tyrant's Secret 
Secretary","Aristite Was Blessed 
With a Curse",Duke Richard's Haven,"Not Your Typical
Reincarnation Story","Maria The Telepathic 
Animal Healer","Country Life With the 
Sexy Emperor",Under The Oak Tree,"Toymaker Tria's Tyrant 
Problem","We Got Ourselves 
Stuck Inside An Adult 
Fantasy Novel","The Oddball Lady's
Fiance","Unforeseen 
Engagement","Brinney and the Vacant 
Seat",La Dama Prudente,,,,,,,,,,,,,,,
Red,,,,,,,,,,,,,,,,,,,,,,,,,,,,,,
,,,,,,,,,,,,,,,,,,,,,,Mixed,,,,,,,,
,Lydia's Great Escape,"The Regretful 
Villainess Is Happily 
Divorced","The Regressor Heroine 
and the Villainess 
Seeks to Coexist",A Lady's Risqué Hobby,Savage Witch,"I Got a Job at a 
Haunted Mansion","I Became the Male 
Leads' Target","Happy Ending Without 
Romance","A Common Story of a 
Lady's New Life ",The Tyrant's Tutor,"The Lady Tames the 
Swordmaster","I Didn't Mean to 
Seduce the Male Lead","The Freshness of 
Paradise","Preventing the 
Making of a Tyrant",The Crimson Lady,Winter Wolf,"When Two Villains 
Meet","I Tamed the Male 
Lead's Father",I'd Rather Be a Queen,"Lady Solea Just Wants 
to Go Home","Shh! I'm Not a 
Villainess, I'm a 
Detective!",Revenge on Your Heart,,,,,,,,
Brown,,,,,,,,,,,,,,,,,,,,,,,,,,,,,,
,,,,,,,,,,,,,,,,,,,,,,,,,,,,,,
,"Surviving as the 
Prince's Fiancee","The Tyrant's 
Whereabouts","What Do You Want To 
Be, Prince",The Vampire's Flower,"My Life as an Internet 
Novel",Beatrice,"I Choose the Emperor 
Ending ",Silly Dog and the Lady,"I Became the Dragon 
King's Chef","The Legend of 
Yeonhwa",A Kind Goblins Bird,"Your Majesty, Please 
Spare Me This Time",For Better or For Worse,Hanyang Diaries,The Golden Forest,Cinder's Ball,My Dear Maid!,"Dear, My Hunny Bunny","My Teacher Has 
Chosen My Husband 
Candidates","Flowers May Wither 
But You Remain","A Single Round at 
Romance is Enough!","Revenge of the Twin 
Empress","When the Flowers 
Bloom","Saving a Mercenary 
Unit from Bankruptcy",Cradle of Heaven,I Raised a Black Dragon,Devoted to Diamond,Here From the Start,I Can See Your Death,"Avoiding the Heavenly 
Emperor"
Brown,,,,,,,,,,,,,,,,,,,,,,,,,,,,,,
,,,,,,,,,,,,,,,,,,,,,,,,,,,,,,
,Secret Outing,Evangeline's Sword,That Which Flows By ,"My Mysterious 
Nighttime Visitor","I Stole the First 
Ranker's Soul","Marriage B: Wed to 
the Enemy","Can't Go Too Far With 
The Unrelenting Duke","The Cold Marquis and 
the Ironclad Lady","Cheer Up, Your
Highness!",Red and Mad,Betrayal of Dignity,Dragondaily,"He's Now Healthy—
But Perhaps Too Much",The Lovable Maid,Cat in the Chrysalis,"The Distance 
Between Us",Disguised Desires,"Life as the Maid of the 
Prisoner Prince",When You're in Love,"The Flowers That
Bloom At Night","Your Majesty, Please
Stop Now",Dear Hong Rang,"I'm the Male Lead's 
Patron","I Became the Only 
Healer in This World","The Housekeeper of 
the Dungeon",Savage Forest,Underground of Babel,"The Portrait of the Late 
Prince","A Path of Flowers for 
an Oriental Fantasy 
Villain",Traces of the Moon
Brown,,,,,,,,,,,,,,,,,,,,,,,,,,,,,,
,,,,,,,,,,,,,,,,,,,,,,,,,,,,,,
,"The Murdered Princess 
and the Innocent Traitor","Trapped in a Soap 
Opera","Annals of Joseon 
Spring Painting","Isn't This a Strategy 
Game?",Guide Override,Night of the Moon,"My Childhood Friend 
Is a BL Novel 
Protagonist",Black Chains,"A Taste For Being 
Treated Roughly","The Youngest Disciple 
of the Hwasan Sect","The Count's Secret 
Maid",Joseon Erotica,"Island Without 
Shadows",Legal Scandal,"The White Dragon's 
Bride","The Princess's Guide 
to a Perfect Life","The Male Lead's Father 
Is So Handsome That 
It's a Problem",Palace of Euphoria,"I Don't Know the 
Original, I'm Busy 
Making a Living","Please Be My New 
Sister!",I Want To Eat You,Collect and Seize,The Fake Extra,Aiming for the Alimony,"The Princeliest Prince 
of All",Night Travel,"The Scholar, the 
Widow, and the 
Strange","Everyone Was 
Obsessed With Me 
After I Became the 
Youngest Princess' 
Favorite","The SSS-Class Cafe 
in Front of the 
Dungeon","This Is What First Love 
Is Like, Your Majesty"
Brown,,,,,,,,,,,,,,,,,,,,,,,,,,,,,,
,,,,,,,,,,,,,,,,,,,,,,,,,,,,,,
,Gentleman League,"I Reincarnated as a 
Parenting Story Extra","Lady Yeonju: The 
Villain Husband I Killed 
Has Returned",The Empress' Needle,,,,,,,,,,,,,,,,,,,,,,,,,,
Brown,,,,,,,,,,,,,,,,,,,,,,,,,,,,,,
,,,,,,,,,,,,,,,,,,,,,,,,,,,,,,
,Charlotte's Letter,"Bride of the Devilish 
Duke",Ellin's Solhwa,Golden Time,The Soulless Duchess,Wall of Glass,"The Princess' 
Spaceship",Villainess in Love,"The Newlywed Diary of 
a Witch and Dragon","I Woke Up as the Ugly 
Duckling",Please Don't Eat Me,"Love Blossoms in 
Hwawol Valley","How To Survive a 
Romance Fantasy",Married for 120 Days,The Falcon Princess,Lucid Encounter,"Water Droplets in the 
Desert and Grassland","Aria of the Withered 
Branch ",Karina's Last Days,"Stealing the Lady's 
Heart",Vladimir ,Isnelda,"Office Romance from 
Hell",Zenith,"The Wild Flower of 
the Palace","Her Ladyship's Double 
Life",The Problematic Prince,"The East Wind of the 
Altas","The Villainess 
Empress's Attendant","Childcare Diary With 
the Villain"
Brown,,,,,,,,,,,,,,,,,,,,,,,,,,,,,,
,,,,,,,,,,,,,,,,,,,,,,,,,,,,,,
,The Bondservant,"When Cinderella's 
Magic Fades Away",Husband Replacement,"The Archvillain's Dying 
Nanny","My Second First 
Marriage",Prisoner in a Dream,"Sincerely, Vanessa","My Sister Covets My 
Fiancé","I Helped the 
Imprisoned Male Lead 
and He Became an 
Obsessive Man","Vengeance Named 
Love","I Will Raise This Boy 
as Another Man's Child",Kill Me With Kindness,Carnal Instincts,Curse of the Saintess,Imperial Maid,Nellie's Secret Garden,"The End of an 
Imperfect Divorce","I Will Disappear, Grand 
Duke",,,,,,,,,,,,
Brown,,,,,,,,,,,,,,,,,,,,,,,,,,,,,,
,,,,,,,,,,,,,,,,,,,,,,,,,,,,,,
,A Talented Maid,Beware the Villainess! ,"The Huntress and 
Her Love Prey","Can I Get Back into 
Love with the Crown 
Prince?",Agatha,For Stella,"My Husband, My Sister, 
and I","To You Who Doesn't 
Love Me",Baby Dragon,"The Empire's Hidden 
Hope",I'm No Heroine!,The Wizard is Poor,"Your Ultimate Love 
Rival","The 30 Day 
Engagement",Finding Twilight,Theory of Paradise,"The Night When the 
Moon Disappeared","Empress's Flower 
Garden",Stella: the Lost Star,Philomel the Fake,"The Tale of the Tiger 
Girl",He's Definitely My Son!,Wish Upon A Husband,Charlotte's Wheel,"Falling For A Dying 
Princess",Marry Me,Obsidian Bride,Fresh Concubine,"Amelia's Opalescent
Marriage","I'm the One Who Died, 
but the Hero Went 
Crazy"
Brown,,,,,,,,,,,,,,,,,,,,,,,,,,,,,,
,,,,,,,,,,,,,,,,,,,,,,,,,,,,,,
,"This Time, I Will 
Survive Until the End",Prison Love,"I'm a Martial Arts 
Supporting Character, 
Can You Raise Me?","I Thought I was the 
Real Daughter","Help Me, Taoist Fairy!","Afternoon in Another 
World",In The Bed,,,,,,,,,,,,,,,,,,,,,,,
Brown,,,,,,,,,,,,,,,,,,,,,,,,,,,,,,
,,,,,,,,,,,,,,,,,,,,,,,,,,,,,,
,"The Reason Why 
Raeliana Ended Up at 
the Duke's Mansion","What's Wrong With You, 
Duke?",The Villain's Savior,"50 Tea Recipes From 
the Duchess",The 101st Heroine,"Empress Cesia Wears 
Knickerbockers","The Readymade 
Queen","The Blood of Madam 
Giselle","Daisy: How to Become 
the Duke's Fiancée",The Heroine of Drayfox,Heartbeat Conquest,"I Shall Master This 
Family!",Living With Magicians,Depths of Malice,"The Villainess Has 
Shrunk!",Stop This Marriage,"The Rewards of 
Marriage",Fiance in Crisis,"I'm Engaged to an 
Obsessive Male Lead","Trapped in My 
Daughter's Fantasy 
Romance","Contractual Marriage 
to a Surly Duke",The Noble Pirate,"Sponte Dei: As You 
Wish","My Husband Ascended 
as the Chosen One","Marriage of 
Convenience",The Accidental Heiress,"I Bought Land, Not a
Man!","My Farm By The 
Palace ","Ice Lamp: The 
Chronicles of Kira","My Sister’s Happy 
Ending"
Brown,,,,,,,,,,,,,,,,,,,,,,,,,,,,,,
,,,,,,,,,,,,,,,,,,,,,,,,,,,,,,
,No More Nice Sis,"Elaine's Unique 
Situation",The Doctor Is Out,"Run, Meil",My Failing Divorce,My Little Tyrant,A World Without You,"Mother's Contract 
Marriage",Go Away Romeo,"It's Up to Us to Fight 
the Tyrant","The Beloved Bashful 
Villainess",I'm Nobody's Shadow,The Blood Moon,"Don't Mess With My 
Duke Dubless!","
Two Names of Night",I Am The Villain,"The Villainess Once 
Said","Choose Me, Flora","The Villainess Wants to 
Go Home","Why Are You
Obsessed With Your 
Fake Wife","The Reason For
Avoiding Him","How to Survive as a 
Maid in a Horror Game","That Villainess Is A 
Man","Since When You Were 
the Villain?","Daughter-In-Law to the 
Mad Dog of Honor","Surviving as the 
Villain's Childhood 
Friend",Bird Strike,"The Cursed Attendant 
of the Duke's Castle",Holding You Captive,"My Favorite Novel Has 
a Weird Epilogue"
Brown,,,,,,,,,,,,,,,,,,,,,,,,,,,,,,
,,,,,,,,,,,,,,,,,,,,,,,,,,,,,,
,"A Golden Fate That
Transcends Time","The Grand Duke's 
Beloved Granddaughter","The Sweet Savior of 
the Immoral Beast","I Didn’t Sign Up to be 
a Nanny!","The Handmaiden 
Dreams at Sunset",The Proxy Bride,"Please Leave Miss 
Emily Alone",Don't Be Too Nice,"Your Grace, Please 
Fail for Once!",Temptation of Wife,"The Demon Who 
Kisses My Foot","Looking for My 
One-Night Villainess",The Princess Maid,"Turning the Mad Dog 
into a Genteel Lord","I Shall Conquer the 
Unruly Beasts","The Wicked 
Ladies-In-Waiting",The Mating of Elves,"The King of Winter 
and the Kiss of Fire","Collecting the Male 
Leads' First Nights","My Obsessive Father's 
Heroic Homecoming","I Taught You Carefully, 
so Why Are You 
Obsessed?",The Hate Trap,"Obsessed With Hazel 
the Sweet Witch","The Estrous Period of 
the Snake and the 
Rabbit","The Witch Doctor of 
Walpurgis","The Dragon Duke's 
Wife","There Are No Bad 
Golden Children in the 
World",Miss Pendleton,"Don't Worry, We Both 
Agreed to This 
Fraudulent Marriage","My Husband 
Resembles My First 
Love"
Brown,,,,,,,,,,,,,,,,,,,,,,,,,,,,,,
,,,,,,,,,,,,,,,,,,,,,,,,,,,,,,
,"If You Pull the 
Archduke's Leash",I Saw a Play,Widow's Night,"All I Want is My Dream 
Home","The King of Winter and 
the Kiss of Fire","My Master Doesn't Bite 
People",The Brunette's Reaper,,,,,,,,,,,,,,,,,,,,,,,
Brown,,,,,,,,,,,,,,,,,,,,,,,,,,,,,,
,,,,,,,,,,,,,,,,,,,,,,,,,,,,,,
,"The Arrow of Fate 
Flies at Will","All About Dominative 
and Exclusive 
Destruction","I'm Done Being Your 
Best Friend",An Inescapable Love,Twilight Poem,"The Dragon and the 
Prince",Plenus,The Egoistic Courtship,"The Dungeon's Dying
S-Class Lady",Anaharath,"In My Reincarnation, I 
Had 29 Mothers-in-Law","A Winter Cabin of 
Serenity and Insanity","Cinderella Is Taken 
Away by Wild Mouse",Joseon Fox Scandal,The Black Wolf's Bride,"No More Turning a 
Blind Eye","The Duchess's Secret 
Boutique",So Did I Truly Die?,"If the Lady in the 
Corner of the Room 
Gets Caught","Monster Dressing 
Room",Giraffe Flower,"My Master Likes to Be 
Spanked",,,,,,,,
Brown,,,,,,,,,,,,,,,,,,,,,,,,,,,,,,
,,,,,,,,,,,,,Mixed,,,,,,,,,,,,,,,,,
,"The Fake Lady and 
Her Rabbit Duke",Moonrise by the Cliff,"The Northern Duke 
Needs a Warm Hug","The Red Nights at the 
Duke's Castle","The Archduke’s 
Adopted Saint","There are 49 Left, 
Master!",Don't Look for Me,At Your Mercy,"I Became a Squirrel 
Seeking the Villain","The Scandalous 
Secret of the Crown 
Princess","I Just Want My Happy 
Ending!","The Crown Princess' 
Double Life","I Married the Enemy 
Who Killed My Parents","Cry For Me, Crown 
Prince","Youngest Daughter of 
the Ultimate Martial 
Master Namgung Family",Grace in Wonderland,,,,,,,,,,,,,,
Brown,,,,,,,,,,,,,,,,,,,,,,,,,,,,,,
,,,,,,,,,,,,,,,,,,,,,,,,,,,,,,
,"A Tender Heart: The 
Story of How I Became 
a Duke's Maid","New Suitor for the 
Abandoned Wife","The Duke's Cursed 
Charm",Prayers of the Vulgar,Wicked No More,"You've Got The 
Wrong Girl",Hiding My True Self,Maid To Love or Die,My Dear Aster,"After the Insomnia
Cured, The Tyrant
Became Obsessive","The Huntress and The 
Mad Scientist","Unrequited Love 
Doesn't End With 
Marriage","The Duke's Family Is 
Not My Problem",Snake's Cave,,,,,,,,,,,,,,,,
"Silver/White/
Gray",,,,,,,,,,,,,,,,,,,,,,,,,,,,,,
,,,,,,,,,,,,,,,,,,,,,,,,,,,,,,
,The Sultan's Love,Totem's Realm,A Sip of Poison,"Four Dangerous 
Brothers to My Rescue!",Dear Nemesis,"I Corrupted The Male 
Lead!","Swept Up By The 
Wind Spirit",The Eighth Bride,"The Dragon King's 
Bride","The Greatest Heiress
of the Empire",When Fate Finds Us,"Lady Leone Must 
Survive!",Foam of the Sea,"The Villainous Duke's 
Daughter's Special 
Method of Growing Rice","Please Get Out of My 
Family","The Ash Salmon 
Quenches the Beast 
Monarch's Desire","Adopted by a 
Murderous Duke 
Family","You Can’t Kill Me: The 
Secret Bride of the 
Black Wolf",When It Turns Red,"Camellia: Mastering 
the Three Kingdoms as 
Alice","Delicious Condensed 
Milk Baguette",,,,,,,,,
"Silver/White/
Gray",,,,,,,,,,,,,,,,,,,,,,,,,,,,,,
,,,,,,,,,,,,,,,,,,,,,,,,,,,,,,
,Amina of the Lamp,The Dragon's Proposal,The Lady's Butler,"I Married the Male 
Lead's Dad",My Father is a Tyrant,"The Tyrant's Guardian 
is an Evil Witch",The Taming of a Tyrant,"The Emperor 
Reverses Time","To Melt Your Frozen 
Heart","Father, I Don't Want 
This Marriage","The Unwelcome 
Guests of House 
Fildette","The Villainess Needs 
Her Tyrant","Nullitas ~The 
Counterfeit Bride~","Why Ophelia Couldn't 
Leave","Into The Light Once 
Again","Baroness Goes On 
Strike","The World's Strongest 
Are Obsessed With Me","Don't Hire My Brother, 
Your Highness!","I'll Raise You Well In 
This Life, Your Majesty!","The Frost Flower
Knight",The Little Landlady,"My Unexpected 
Marriage","The Duke’s Bored 
Daughter is my Master","The Villain's Beloved 
Daughter","Who's the Wizard 
That's Gonna Kill Me",Savor The Taste,"What The Duke Picked 
Up In The Forest","The Crown Prince's 
Fiancee","From BFF to 
Obsessive Hubby","The Princess Demands 
a Divorce"
"Silver/White/
Gray",,,,,,,,,,,,,,,,,,,,,,,,,,,,,,
,,,,,,,,,,,,,,,,,,,,,,,,,,,,,,
,"I Don't Want to Be 
Loved ",My Alternate Ending ,Neyra's Dragon,"Frozen Wolf, Fire 
Dragon","I Will Live as the Wife 
of a Sweet Madman","The Flower That 
Swallowed the Sun",The Fitness Villainess,Escaping Execution,"The White Tiger's 
Daughter","The Fake Lady of 
House Silkisia","The Last Immortal's 
Theorem",Acacia,"The Circumstances of 
the White Cat Bitten by 
the Black Panther Count","When the Witch’s 
Daughter Lifts the Male 
Lead’s Curse",Sistervention,In Holy Acrimony,To My Beloved Foe,"The Blooming Violet in 
the Back Garden","Crazy Coital Death 
Party","I Became the Tyrant's 
Dishonest Adviser","This Time I'll Change 
My Husband","The Fangs That Pierce 
the Heart","How to Protect My 
Male Lead",Rearing Rebecca,"Made Into the Main 
Character",The S-Class Lady,"Living Unmarried With 
My Time Bound Lover","Monster Princess of the
Snowy Mountain","The Maid No Longer 
Desires her Master","The Countdown of My 
Death is Spamming My 
Status Window"
"Silver/White/
Gray",,,,,,,,,,,,,,,,,,,,,,,,,,,,,,
,,,,,,,,,,,,,,,,,,,,,,,,,,,,,,
,"No, I Only Charmed 
the Princess!","I Am the Obsessive 
Emperor's Talented 
Pharmacist","Do You Need 
Salvation?","No Mercy from the 
Reborn Lady","One Last Night With 
My Soon-to-Be 
Ex-Husband","Villain Extra's Reality 
Guide","The Villainess's 
Nursery","The Villain's Wise 
Retirement Plan","The Princess Has the 
Constitution of an 
Eagle Workshop",Hildegart Reincarnate,"The Little Saint and the 
Grand Duke of the 
North","My Daddy Hid His 
Power","The Young Master 
Hides His Chest","The Arranged Suitor 
Was the Kidnapper","To the Witch Who 
Forgot Her Bird","Low-Level Civil 
Servant Wants to Get 
Promoted","The Consequences of 
Messing With the 
Original Work","My Contract Husband 
Resembles the Male 
Protagonist","The Terminally-Ill 
Apothecary Villainess","You Will Pay With Your 
Life for Deceiving Me",,,,,,,,,,
"Silver/White/
Gray",,,,,,,,,,,,,,,,,,,,,,,,,,,,,,
,,,,,,,,,,,,,,,,,,,,,,,,,,,,,,
,"The Abandoned 
Empress","Charlotte and Her 5 
Disciples",Romance in Reverse,"Don't Call Javotte an 
Evil Stepsister","The Reason She Lives 
as a Villainess","The Red Knight 
Seeks No Reward","Touch my Little Brother 
and You're Dead","Side Characters 
Deserve Love Too ","The Villainess's 
Daughter","The Admiral's 
Monstrous Wife",The Quiet Game,Emperor Hunt,Tired of Living in Fiction,Sigrid,"Nightly Taming of the 
Werewolf Duke",Until Death Do Us Part,"Cross My Heart
and Hope to Die","The Grand Duke's Fox 
Princess","The Esteemed Lady of 
the Tea Garden","It Was Just a 
Contractual Marriage","Villain Fiancé is in My 
Way of Happiness","The Emperor's 
Sleepless Nights",A Couple of Obligations,"A Saint Lives in the 
Demon Duke's Mansion",Divorce Proposal,"How the Count Tamed 
the Prince ","The Princess in the 
Henhouse","Why Are You Sorry, 
Darling?","The Day the Real 
One Appeared","Baby Snow Leopard 
of the Black Leopard 
Family"
"Silver/White/
Gray",,,,,,,,,,,,,,,,,,,,,,,,,,,,,,
,,,,,,,,,,,,,,,,,,,,,,,,,,,,,,
,"As You Like It, 
Margrave",False Confession,Revenge Wedding,"The Lady's Law of 
Survival","The Little Lady 
Tames the Leads",Stigma Effect,"Disobey The Duke If 
You Dare",Sierra on Strike!,"A Marriage Alliance for 
Revenge","A Fake Princess' 
Survival Diary","What Melvin Left 
Behind","Please Sponsor My 
Revenge","Move, I'm Deciding the 
Ending!","The Fake Duchess in 
Distress","The Kids Have 
Changed","Protecting the Witch's 
Son","Beloved By The Male 
Lead's Nephew","The Demon King's Doll 
Butler",More Than You Know,"My Husband Who 
Hates Me Has Lost 
His Memories","A Cat, Adopted By a 
Wolf Family?","The Emperor Thinks
 I'm Dying","The Youngest Is Trying 
To Prevent the World 
From Ending","There's Something 
Wrong About My Man's 
Morals","The Possesive Tyrant 
and His Sleepy Cat","Darling, Why Can't We 
Divorce?","My Childhood Friends 
Are Trying to Kill Me",Thicker Than Memory,"Maria: The Deposed 
Empress","The Tutor's Secret 
Sessions"
"Silver/White/
Gray",,,,,,,,,,,,,,,,,,,,,,,,,,,,,,
,,,,,,,,,,,,,,,,,,,,,,,,,,,,,,
,"The Incubus, the Saint 
and the Trash",The Lord's First Night,"Anyone Can See It's a 
Beast",Jailbreak,Do Your Best to Regret,,,,,,,,,,,,,,,,,,,,,,,,,
"Silver/White/
Gray",,,,,,,,,,,,,,,,,,,,,,,,,,,,,,
,,,,,,,,,,,,,,,,,,,,,,,,,,,,,,
,"The Garden of the Red 
Flowers","The Villainess Tames 
The Beast","Seducing the Monster 
Duke","Don't Look Back, 
Seisia!","My Father, the 
Possessive Demi-God",On The Hunt,"I'm Not the Final Boss' 
Lover",Predatory Marriage,My Misraised Husband,"Is This Your First Time 
as a Death Metal 
Siren?","How to Reject a 
Perfect Marriage",Bride Education,Holding You Close,"The Father and the 
Daughter","I'm Going to Be a 
Heroine in a Fit of 
Anger","What Remains in the 
Damaged Place",,,,,,,,,,,,,,
"Silver/White/
Gray",,,,,,,,,,,,,,,,,,,,,,,,,,,,,,
,,,,,,,,,,,,,,,,,,,,,,,,,,,,,,
,"The Monstrous Duke's 
Adopted Daughter","Harley Takes the 
House",The Princess's Jewels,"Not-Sew-Wicked 
Stepmom","The Villainess 
Becomes the Leading 
Lady","The Villainess Behind 
the Mask ","This Life, the Way I 
Want","Your Regrets Mean 
Nothing to Me","The Dark Lord's 
Confession","Evangeline After 
The Ending",The Villainess's Bestie,"Forget My Husband, 
I'll Go Make Money","The Mighty Extra: One 
Girl Changes the 
World","Syrinx, the Villain 
Healer",Who Stole the Empress,"May I Kill You, Your 
Highness?","Shall We, My Lady?","She No Longer Wields 
Her Sword","The Maid Holds the 
Tyrant's Leash","Duchess's Lo-Fi 
Coffeehouse","The Villainess's Blind
Date  Is Too Perfect","A Dark Secret 
Romance With a 
Former Saintess","I Became the Mother 
of the Evil Male Lead",The Duke's Everything,"I Listened to My 
Husband and Brought 
In a Lover","Raising the Children 
of the Main Characters","A Saint From the 
Slums","The Female Lead's 
Mother and the Male 
Lead's Father Are 
Married","I Will Leave the 
Villainess Position","I Don't Want to Be a 
Lady"
"Silver/White/
Gray",,,,,,,,,,,,,,,,,,,,,,,,,,,,,,
,,,,,,,,,,,,,,,,,,,,,,,,,,,,,,
,"The Dying Villainess 
Denies Adoption","I Was Just Taking Care 
of My Sick Father",Even When I’m Dead,"Repentance of the 
Immoral Paladin",The Incognito Princess,"Will My Doting 
Husband Love Me 
Again?","Find the Runaway 
Princess","Will You Marry Me 
Under Contract, Your 
Highness?","In the Middle of the 
Night in the Duke's 
Residence","I Became the Tyrant's 
Doomed Wife","Praesepe Outside the 
Cage","I Refuse the Regrets 
of a Traitor","The Dark Duke's Pet 
Bird","The Saint's Petals Are 
Wet","The Fake Saint of a 
Reverse Harem Game","Rabbit, Please Keep 
the Door Open Tonight","The Regret Novel 
Female Lead With 
Unbreakable Mentality",,,,,,,,,,,,,
"Silver/White/
Gray",,,,,,,,,,,,,,,,,,,,,,,,,,,,,,
,,,,,,,,,,,,,,,,,,,,,,,,,,,,,,
,"Iris: The Lady 
with Smartphone",Evil Knight,"The Story of the Hated
Mule","The Lady Needs a 
Break","Rewriting My Dark 
Past","The Wicked Little 
Princess","Author of my Own 
Destiny","Can We Become 
Family?","Villains Behind the 
Curtains","The Day l Woke up as 
the Sacrificial Princess","I Shall Kill That Sweet 
Devil","I Can't Keep Up With 
My Stallion Duke","The Vampire's Plan To 
Die In Peace","The Fabulous Lives of 
the Hillington Sisters","I Accidentally Tamed 
the Duke","Lips Upon A Sword's 
Edge","The Secret of House 
Francesca","Surviving as the Devil's
Child ","Grand Duchess of the 
North, It's Cold","I Ran Away and Got 
Married","The Duke's Fake 
Sister","The Dukedom Is 
Inhabited by a Monster","Hiding the Archduke's 
Humiliating History","I Adopted a Villainous 
Dad","The Princess Ruins 
Everything","Living with the 
Dangerous Beast","Can Love Blossom in 
a Poisoned Heart?","The Princess is Going 
on a Strike",The Bird Empress,"Lady Baby Is a 
Revenge Maker"
"Silver/White/
Gray",,,,,,,,,,,,,,,,,,,,,,,,,,,,,,
,,,,,,,,,,,,,,,,,,,,,,,,,,,,,,
,"I Became the Level 
999 Demon Queen",Aesthetics of Pleasure,"The Hero's Ready to 
Retire","Monster in the 
Greenhouse","The Villain's Daughter-
in-Law","The Villainous Older 
Sister Hides Her 
Wealth","This Marriage Will 
Surely Succeed","It's Annoying Because 
My Childhood Friend Is 
an Archmage","The Villain's Daughter-
In-Law Is a Power 
Player",,,,,,,,,,,,,,,,,,,,,
"Silver/White/
Gray",,,,,,,,,,,,,,,,,,,,,,,,,,,,,,
,,,,,,,,,Mixed,,,,,,,,,,,,,,,,,,,,,
,"Patience, My Lady",No More Princes,"Lysia Tries The Quiet 
Life","I Will Be the Main 
Character in That 
Prison",I Don't Need a Proposal,"The House of Diana’s 
Choice","There Is No Eternal 
Supporting Character","White Rabbit in 
Wonderland","The Hopeless Desire 
of a Witch","Falling into the Arms of 
a Mad Villain","I Became the Sultan's 
Precious Cat","I Became the 
Emperor's Cat",,,,,,,,,,,,,,,,,,
Pink,,,,,,,,,,,,,,,,,,,,,,,,,,,,,,
,,,,,,,,,,,,,,,,,,,,,,,,,,,,,,
,"Villain Duke's Precious 
One","Duchess in the Glass 
House",The Emperor's Mask,"The Millionaire 
Divorcee","Regina Rena - To The 
Unforgiven","The Siren: Becoming 
the Villain's Family",The Male Lead is Mine!,Behind His Kind Mask,"Goddess Emelia Wants 
to Escape","Adelia: Fetters of the 
Flowers",The Baby Divine Beast,"The Price of a Broken 
Engagement",Please Forget Vivian,"I'm a Villain, But I
Saved the Female 
Lead","Divorce Will Be 
Completed in 3 
Seconds","Lock Me Up, Duke!","Please Stop Following 
Me, ML!","I Became the Young 
Villain's Sister-in-Law","Breaking News: I’m 
Married to the Grand 
Duke?!","The Unintentional 
Villainess",Loved by the Villains,"Must the Reincarnated 
Mother Always Die?","Anything But Marriage, 
Mr. Villain!","The Duke's Wife 
Obsession","I Became the Catnip 
for Ruthless Beastmen","Rather Than the Son, 
I'll Take the Father",Demon King Princess,,,
Pink,,,,,,,,,,,,,,,,,,,,,,,,,,,,,,
,,,,,,,,,,,,,,,,,,,,,,,,,,,,,,
,Lady Beast,Chitra,The Antagonist's Pet,"Flirting with the 
Villain's Dad","I Got Pregnant with the 
Tyrant's Child",Duchess Debauchery,Prince Maker,Our Little Empress,The Tyrant's Tranquilizer,"The Tyrant's Only 
Perfumer","The Princess' Doll 
Shop ","Welcome to Sylvia's 
Garden","Searching For My 
Father","The Heiress's Double 
Life","Don't Trust the 
Female Lead ",Ending Maker,"Trust Me, Little Duke!",Baby Tyrant,The Wizard of the Circle,"Raffine's Plan: Save 
My Favorite Character","The Lady Awaits a 
Broken Engagement",Raising My Husband,The Author I Stole,"Reverse the Crazy 
Curse","I Will Not Return to My 
Family","We Got Ourselves 
Stuck Inside An Adult 
Fantasy Novel","They Wish to Take 
Away My Child","The Empress Wants to 
Avoid the Emperor","I Think I Married the 
Wrong Guy","Contract Marrying 
Because I Am 
Terminally Ill"
Pink,,,,,,,,,,,,,,,,,,,,,,,,,,,,,,
,,,,,,,,,,,,,,,,,,,,,,,,,,,,,,
,"About the Death That 
You Served Me","The Fate of the 
Perennial Sub Male 
Lead Is in My Hands",Die Melusine,"I Became the Tyrant's 
Chambermaid","Changing the Genre of 
Angst to Heartwarming","Is the Friend of a 
Friend Stranger?","I Didn't Lull You to 
Sleep Only for You to 
Be Obsessed","Becoming A Family 
With The Duke and His 
Dear Son","The Mighty Master Is 
Crazy About Me","My Male Lead Is a 
Northern Dark-Haired 
Grand Duke","The Princess Will 
Create a Harem!","The Little Demon King 
Is Too Bothered by Her 
Brave Dads","I Died and Everything 
Changed",The Beast I Chose,,,,,,,,,,,,,,,,
Pink,,,,,,,,,,,,,,,,,,,,,,,,,,,,,,
,,,,,,,,,,,,,,,,,,,,,,,,,,,,,,
,"The Secret Life of 
Empress Isana","I Was Tricked Into This 
Fake Marriage!","Wake Up, Warrior","My Sweetheart Duke 
Has a Secret",Solitary Lady,Elizabeth,"My In-Laws Are 
Obesessed With Me","Taming the Emperor's 
Hound",Abella's Dessert Cafe,"My Precious Little 
Villains","The Little Lady 
Behind the Villain","The Villain's Young
Patron","Lulutier's Fiery Final 
Days","The Guide's Fatal 
Failure","Being Raised by 
Villains",I'd Rather Be The King,"I Thought My Husband 
Was Supposed to Die?",Undercover Princess,"My Hot Harem Has 
Turned Cold On Me!","The Terminally Ill 
Rejects the Strategy",,,,,,,,,,
Pink,,,,,,,,,,,,,,,,,,,,,,,,,,,,,,
,,,,,,,,,,,,,,,,,,,,,,,,,,,,,,
,"This Villainess Wants a 
Divorce","The Fantasie of a 
Stepmother","Villains are Destined to 
Die","The Lady and the 
Beast","I Was The Male Lead's 
Ex","The Evil Princess 
Dreams of a 
Gingerbread House","Becoming the Dark 
Hero's Daughter",My Hubby is Too Cute,"It Was a Mistake, 
Grand Duke! ","Time to Call Off this 
Engagement","The Perks of Being an 
S-Class Heroine",Brother Knows Best,"Born as the Second 
Daughter",Lottery Princess ,"I Adopted the Male 
Lead","Surviving as the 
Illegitimate Princess","The Villainess Becomes 
a Mom",Live as a Villainess,"I Tried to Run Away 
After Eating the Male 
Lead","My Husband Changes 
Every Night ","The Count's Daughter 
and the Handmaid","Marriage Contract 
With Two Husbands","Lord Baby Runs a 
Romance Fantasy 
With Cash","I Became the Dying 
Female Lead's Sister","I Will Divorce the 
Female Lead's Older
Brother","Peony: Dreaming of 
the Dangerous Grand 
Duke",Savage Castle,"My Evil Husband is 
Obsessed With the 
Wrong Person","I Don't Want the Male 
Lead's Child","How To Reject My 
Obsessive Ex-Husband"
Pink,,,,,,,,,,,,,,,,,,,,,,,,,,,,,,
,,,,,,,,,,,,,,,,,,,,,,,,,,,,,,
,"The Archduke's 
Magical Business 
Partner",Be RF Savvy or Die,"Seventh Time's the 
Charm!",Don't Tame the Shrew,"The Regressed 
Empress’s Abduction 
Marriage","The Villainess Makes 
Amends","I Will Protect My Tyrant 
Dad!","A Taste of Happiness 
for the Tragic Extra",I'm Ready for Divorce!,,,,,,,,,,,,,,,,,,,,,
Pink,,,,,,,,,,,,,,,,,,,,,,,,,,,,,,
,,,,,,,,,,,,,,,,,,,,,,,,,,,,,,
,"You Can't Change a 
Person","5500 Shades of the 
Demon King","Little Rabbit and the 
Big Bad Leopard","A Monster Hunter 
Becomes a Princess","Another Typical 
Fantasy Romance","The Archvillain's 
Daughter-in-Law","I Thought My Time 
Was Up!","Trapped in a Game 
That Flopped","I Met the Male Lead in 
Prison",The Fairy Pact,"The Devilishly Trash 
Duke","Wolf Under Sheep's 
Clothing","The Flower That 
Swallowed the Beast ","The Flower With a 
Sword","My Husband Was 
Stolen Twice","Look Here, Demon 
King!","Baby Prisoner of the 
Winter Castle",As the Heart Leads,"Trapped at Home With 
the Male Leads","I Became the Sea 
Guardian's Adopted 
Daughter","The Villain's Early 
Education Was Done 
Too Well",,,,,,,,,
Pink,,,,,,,,,,,,,,,,,,,,,,,,,,,,,,
,,,,,,,,,,,,,,,,,Mixed,,,,,,,,,,,,,
,"Daughter of the 
Emperor","The Golden Light of 
Dawn",Obey the Flowers,"I Stole the Tyrant's 
Virginity",Fortune-Telling Lady,"Emilone's Temptation 
Labyrinth",Love Thy Enemy,"The Villainess Is Busy 
Baking!",The Painless Player,"I Will Take the Easy 
Way Out","The Perfect Plan to 
Avoid the Death Ending","Let Me Enjoy The 
Extra Life",Sica Wolf,"The Little Lady Behind 
the Scenes","I Had a Baby While I 
Was Asleep","I Will Buy Divine Power 
With Money!","Some Day You Will 
Give Birth To Me",,,,,,,,,,,,,
Purple,,,,,,,,,,,,,,,,,,,,,,,,,,,,,,
,,,,,,,,,,,,,,,,,,,,,,,,,,,,,,
,Your Throne,Empress? Empress!,The Villainous Violet,"Guardian Angel for 
Cursed Duke",Observing Elena Evoy,Kneel Before Me,"Catching Two Birds 
With One Sweet 
Princess",Sacrificed,A Chance At Last,The Script,Rewriting the Villainess,"My Younger Brother 
Wants to be a Husband","To Take a Mermaid’s 
Heart",Mermaid Princess ,"Get a Male Lead for 
Every Book","The Unintentionally 
Ideal Adopted 
Daughter","The Resourceful Little 
Consort","Surviving as an 
Obsessive Servant","The Evil Grand 
Duchess Has a Secret
Life",Call Me Master,"Beloved Golden Light 
Gratia","To Die or to Fall in 
Love","Lovers Beyond 
Dimension","The Beastly Count 
After Dark",Please Don’t Reply!,"The Return of the Ex-
Wife","Guardian of the 
Dragon","I'm the Crazy Heir's 
Daughter!","The Dragon King's 
Favor",
Purple,,,,,,,,,,,,,,,,,,,,,,,,,,,,,,
,,,,,,,,,,,,,,,,,,,,,,,,,,,,,,
,On The Emperor's Lap,Celestial Bride,"I'm the Tyrant's 
Secretary","Reborn as the 
Protagonist's Daughter",Bear With Me,"The Ugly Duckling’s 
Secret Pouch","An Extra Stole the 
Male Leads","I Quit Being the Male 
Lead's Rival ","The Cursed Prince and 
His Clairvoyant Maid","In a Special Contract's 
Name","Trash Will Always Be
Trash","The Cursed Princess 
Must Rewind the Clock","Tricked Into Becoming 
the Heroine's 
Stepmother","My Prince's Healing 
Touch","Let Me Kidnap the 
Male Lead!",Scholar's Bossam,"The Wallflower Who 
Was Proposed to by 
the Tyrant","Survive as the 
Villain's Cousin","For the Young Villain's 
Happy Ending","The Male Lead Knelt 
Before Me",,,,,,,,,,
Purple,,,,,,,,,,,,,,,,,,,,,,,,,,,,,,
,,,,,,,,,,,,,,,,Mixed,,,,,,,,,,,,,,
,"Race to Steal the 
Emperor's Heart","I'm the Dying 
Emperor's Doctor",Materialistic Lady,"Only I Can Speak the 
Ancient Language of 
Magic","I'm the Corrupted Side
Character's Wife","How to Refuse a King's 
Scout","How to Protect the 
Young Master of 
Monster Manor",Siella's Revenge Affair,"I'm a Villain, but I'm 
Favored","Surviving in the 
Emperor's Bed","The Perks of Being a 
Villainess","Once Wicked, Always 
Wicked",A Spiteful Princess,"This Wasn’t in My 
Adoption Plan!","The Male Lead Is 
Obsessed With 
Proposing to Me",A Moonlit Sword,Aileen's On Fire,,,,,,,,,,,,,
Dark Blue,,,,,,,,,,,,,,,,,,,,,,,,,,,,,,
,,,,,,,,,,,,,,,,,,,,,,,,,,,,,,
,Sword of the Falcon,Flower and the Beast,The Demonic Contract,This Wolf Won't Bite,"My Wizard, My Destiny",The Bridal Night,From Misery to Majesty,"I Stole the Female 
Lead's First Love",Seabird and Wolf,"The Cup of Vengeance 
Is in Your Hands","I Made a Contract With 
a Dragon to Get 
Revenge on My Mother","The Dame in Shining 
Armor",Cause Calypso Can,Frozen Hearts,"The Princess's 
Bedroom Doll",Gimme that Pacifier!,I Wasn't the Cinderella,"Constellations of the 
Gods","Daughter of the 
Archmage","If You Corrupt the 
Heroine's First Love",,,,,,,,,,
Dark Blue,,,,,,,,,,,,,,,,,,,,,,,,,,,,,,
,,,,,,,,,,,,,,,,,,,Mixed,,,,,,,,,,,
,I Bid You Adieu,Accidental Warrior,"A Twist of Fate: A 
Wizard's Fairytale","The Demon's Darling 
Daughter"," It's Okay If There's No 
Male Lead","The Life Goal is To 
Get a Two-Story 
House","The Young Emperor is 
Obsessed With Me",Lady Baby,"I Dream of Health, 
Wealth, and a Long Life","Itan's Empire 
Jacheongbi","I, Who Am Ignorant of 
This World, Became a 
Princess",I Don't Wanna Work!,"The Villainess is Done 
Trying","My Dead Lover 
Returned as a Tyrant","On Your Knees, Your 
Highness!",The Magicians,"The Second Male Lead 
is Actually a Girl","The Contract Marriage 
Is Over ","Villainess' Reprisal 
Boutique",,,,,,,,,,,
Blue ,,,,,,,,,,,,,,,,,,,,,,,,,,,,,,
,,,,,,,,,,,,,,,,,,,,,,,,,,,,,,
,"His Majesty Secret 
Heroine",I'll Marry Him,"Saving the Villain from 
the Heroine","The Duchess Has A 
Deathwish","A Second Chance at 
Saving You","Until the Tragic Male 
Lead Walks Again","Becoming Best Friends 
With the Icy Male Lead",Broken Engagement,"I Reincarnated as the 
Princess of a Country 
That Is Going to 
Destroyed by Male 
Protagonist","Although I Am a 
Mother-In-Law, I Do 
Not Like Conflict 
Between My In-Laws",Slave Emperor,"Noble in Name, Vulgar 
at Heart",The Great Wish,"I'm a Villainess, but I'm 
Good at Cooking","Taming My Villainous 
Little Brother","Armonia the Monster 
Whisperer","I Became the Villainess 
in a Disastrous Novel","Helena: Master Of 
The Guardian Stone","The Saintess and Her 
Secret Chambers",Rewriting My Third Life,"My Otherworldly 
Marriage",Not That Villainess!,"Lady Blue Bird of the 
White Lion Family",I'm Here to Destroy,,,,,,
Orange,,,,,,,,,,,,,,,,,,,,,,,,,,,,,,
,,,,,,,,,,,,,,,,,,,,,,,,,,,,,,
,"Ginger and the
Cursed Prince","I'll Save This Damned 
Family!","A Villain Demands to 
be Loved",The Duke's 99th Bride,"Crowning My Feral 
Prince",Talented Baby Squirrel,"You are Obsessing 
Over the Wrong Person, 
Lord of the Tower!","I'm Going Through 
Time to Meet You","It's a Misunderstanding 
That I'm Dating the 
Villain","If You Dare to Long for 
Regret","I Want to Go Bankrupt, 
Not Get Married","How to Survive as a 
Villain on the Verge of 
Death",,,,,,,,,,,,,,,,,,
Orange,,,,,,,,,,,,,,,,,,,,,,,,,,,,,,
,,,,,,,,,,,,,,,,,,,,,,,,,,,,,,
,"First Night with the 
Duke ",The Queen's Realm,"The Archduchess's 
Loyal Shapeshifter","Seducing the Lady's 
Lover",Romance is Dead,"To Those Who Long 
For My Destruction",Fallen to Paradise,"The Villains' Little 
Heiress","The Nerd is Actually a 
Tyrant","Secret Lessons In 
Love","The Ugly Wife of the 
Shady Duke","The Emperor is HARD 
to Please!",Lucia,"The Castle: Keeper of 
the Sacred Eye","The Blooming Baby 
Boss Lady","The Merman Trapped 
in My Lake","I Got a Husband 
Through an Oracle","I Don't Want To Play 
Matchmaker!","Dear, Not Cunning 
Witch",,,,,,,,,,,
Green,,,,,,,,,,,,,,,,,,,,,,,,,,,,,,
,,,,,,,,,,,,,,,,,,,,,,,,,,,,,,
,"Death to Lady White 
Ferret!",Cooking Sorcerer,The Palace Beast,"How to Survive in a 
Horror Game","The Villainous Tyrant 
has Returned","I Became the Duke's 
Male Servant",Just Leave Me Be,High Society,"I Vow to Take the 
Tyrant's Throne",Fragrant Magician,"Reforming the 
Obsessive Male Lead","The Heroine is a Man! ","I've Become a True 
Villainess",Princess of the Animals,Bloom Of Vengeance,My Dazzling Downfall,As the Two of You Wish,"When the Mad Dog 
Bites the Leash","The Doomed House's 
Contract Daughter",,,,,,,,,,,
Mint,,,,,,,,,,,,,,,,,,,,,,,,,,,,,,
,,,,,,,,,,,,,,,,,,,,,,,,,,,,,,
,Little Lady Mint,The Tyrant's Crush,Lady Chef Royale,"I Became a Leader in 
a Wretched Prison",,,,,,,,,,,,,,,,,,,,,,,,,,